idx	consensus	name	width	best_guess	target_pct	bg_pct	enrichment
1	GAGGNAGACMAC	1-GAGGMAGACMAC,BestGuess:ARF10	12				
2	WWWWWAAAAAAN	2-WTTWAAAAAAAA,BestGuess:PB0182.1_Srf_2	12				
3	TAGGCCTACW	2-TAGGCCTACA,BestGuess:ZFX	10				
4	SASASASASA	3-CACACACACA,BestGuess:SeqBias:	10				
5	AMAACAACARMA	5-ACAACAACAACA,BestGuess:CG4360	12				
6	CAGTGNCACA	5-CAGTGGCACA,BestGuess:odd	10				
7	GGGGGGGGGGGG	6-GGGGGGGGGGGG,BestGuess:SeqBias:	12				
8	TTCTTCTTCTTC	7-TTCTTCTTCTTC,BestGuess:Unknown4	12				
9	GATGATGATGAT	8-GATGATGATGAT,BestGuess:ZML2	12				
10	TGGAGAWACATG	10-TGGAGAWACATG,BestGuess:OsEIL3	12				
11	NCWGCWGHCA	11-RCTGCAGCCA,BestGuess:SOK2	10				
12	CTCTCTCTCTCT	12-CTCTCTCTCTCT,BestGuess:RAMOSA1	12				
13	AAAAATRTTT	14-AAAAATATTT,BestGuess:cad	10				
14	TGTGTCCAGT	15-TGTGTCCAGT,BestGuess:CNOT4	10				
15	GAGCAMTTATGG	15-GAGCACTTATGG,BestGuess:ISL2	12				
16	GTGGCCAAGC	17-GTGGCCAAGC,BestGuess:RIM101	10				
17	MARCNTCMCWGM	17-CAGCHTCACWGC,BestGuess:ZAT10	12				
18	CCGCCAATGTCT	18-CCGCCAATGTCT,BestGuess:PB0164.1_Smad3_2	12				
19	CRTGAAGGTTTG	20-CRTGAAGGTTTG,BestGuess:Pp_0206	12				
20	CAGCWGTG	15-CAGCTGTG,BestGuess:Bhlha15	8				
21	ATTATTATTA	20-ATTATTATTA,BestGuess:Ubx	10				
22	AAGAAAGA	20-AAGAAAGA,BestGuess:Tb_0220	8				
23	RGTCAGTKAR	21-AGTCAGTGAG,BestGuess:AZF1	10				
24	MTTCMTTCMTTC	23-CTTCMTTCCTTC,BestGuess:ZNF24	12				
25	ACTAAACTMA	22-ACTAAACTAA,BestGuess:SPL15B	10				
26	CTACTACTACTA	25-CTACTACTACTA,BestGuess:SMP1	12				
27	GATAGATA	24-GATAGATA,BestGuess:ONECUT2	8				
28	GAGGNAGACMAM	1-GAGGGAGACHAM,BestGuess:ARF10	12				
29	TTTTTTWAAA	1-TTTTTTAAAA,BestGuess:Unknown6	10				
30	SASACASASA	2-CACACACACA,BestGuess:SeqBias:	10				
31	TAGGCCTACW	3-TAGGCCTACA,BestGuess:ZFX	10				
32	GGGGGGGGGGGG	4-GGGGGGGGGGGG,BestGuess:SeqBias:	12				
33	WWWWTWWTWWWW	5-TTTTTWTTWTTT,BestGuess:SeqBias:	12				
34	CAGTGRCACA	5-CAGTGGCACA,BestGuess:CUP9	10				
35	TTCTTCTTCTTC	7-TTCTTCTTCTTC,BestGuess:Unknown4	12				
36	GATGATGATGAT	8-GATGATGATGAT,BestGuess:ZML2	12				
37	AMAACAACAAMA	9-ACAACAACAACA,BestGuess:CG4360	12				
38	WCASNRVACA	8-ACASRGVACA,BestGuess:AR-halfsite	10				
39	TGSWGAAACATG	10-TGCWGAAACATG,BestGuess:DIG1	12				
40	TCTCTCTCTCTC	11-TCTCTCTCTCTC,BestGuess:RAMOSA1	12				
41	TGTGTCCA	6-TGTGTCCA,BestGuess:CNOT4	8				
42	GAGCAMTTATGG	13-GAGCACTTATGG,BestGuess:ISL2	12				
43	TTTGTTTY	11-TTTGTTTT,BestGuess:HuR	8				
44	CCGCCAATGTCT	15-CCGCCAATGTCT,BestGuess:PB0164.1_Smad3_2	12				
45	ATATATATAT	18-ATATATATAT,BestGuess:SPT15	10				
46	CRTGAAGGTTTG	18-CRTGAAGGTTTG,BestGuess:Pp_0206	12				
47	CARCATCACAGC	20-CAACATCACAGC,BestGuess:YBX1	12				
48	GCTGGCTG	19-GCTGGCTG,BestGuess:ARF34	8				
49	ACTAAACTAART	21-ACTAAACTAAAT,BestGuess:SPL15B	12				
50	CATYCATYCA	21-CATYCATTCA,BestGuess:WUS1	10				
51	TRGTYRGTTAKT	22-TAGTTAGTTAGT,BestGuess:MYB.PH3	12				
52	GGAAGGAAGGAA	23-GGAAGGAAGGAA,BestGuess:EWSR1-FLI1	12				
53	CYACYACTACYA	25-CTACTACTACTA,BestGuess:schlank	12				
