Motif Name	Consensus	P-value	Log P-value	q-value (Benjamini)	# of Target Sequences with Motif(of 25416)	% of Target Sequences with Motif	# of Background Sequences with Motif(of 115076)	% of Background Sequences with Motif
ZNF148(Zf)/MDAMB231-ZNF148-ChIP-Seq(GSE147020)/Homer	CCCCTCCCCCAC	1e-1235	-2845	0	6898	27.14%	9850.5	8.56%
RLR1?/SacCer-Promoters/Homer	WTTTTCYYTTTT	1e-1193	-2749	0	13560	53.36%	32878.9	28.58%
REM19(REM)/colamp-REM19-DAP-Seq(GSE60143)/Homer	AAAAAAAA	1e-1176	-2710	0	17619	69.33%	50725.7	44.09%
IDD5(C2H2)/colamp-IDD5-DAP-Seq(GSE60143)/Homer	TTTTGTCTTTTTBTK	1e-1133	-2610	0	18204	71.63%	54082.7	47.01%
BPC6(BBRBPC)/col-BPC6-DAP-Seq(GSE60143)/Homer	YTYTCTCTCTCTCTA	1e-1042	-2401	0	2698	10.62%	1357.2	1.18%
ZML2(C2C2gata)/col-ZML2-DAP-Seq(GSE60143)/Homer	CATCATCATC	1e-997	-2297	0	7960	31.32%	14738.5	12.81%
GAGA-repeat/Arabidopsis-Promoters/Homer	CTCTCTCTCY	1e-871	-2008	0	14116	55.55%	39080.8	33.97%
Unknown4/Arabidopsis-Promoters/Homer	CKTCKTCTTY	1e-857	-1974	0	18379	72.32%	58764.4	51.08%
hTCT(CPE)	BCKTTCTYTTY	1e-820	-1889	0	23083	90.83%	85563	74.37%
VRN1(ABI3VP1)/col-VRN1-DAP-Seq(GSE60143)/Homer	TTTTTTTTTT	1e-814	-1875	0	4089	16.09%	5053.6	4.39%
PU.1-IRF(ETS:IRF)/Bcell-PU.1-ChIP-Seq(GSE21512)/Homer	MGGAAGTGAAAC	1e-781	-1800	0	17275	67.98%	54568.6	47.43%
IDD4(C2H2)/col-IDD4-DAP-Seq(GSE60143)/Homer	TTTGTCTTTWTB	1e-760	-1751	0	20168	79.36%	69444.2	60.36%
OCT:OCT(POU,Homeobox)/NPC-OCT6-ChIP-Seq(GSE43916)/Homer	YATGCATATRCATRT	1e-693	-1596	0	4788	18.84%	7671.7	6.67%
RAV1(RAV)/colamp-RAV1-DAP-Seq(GSE60143)/Homer	TWWTTTCTGTTG	1e-624	-1438	0	18920	74.45%	65214.9	56.68%
Maz(Zf)/HepG2-Maz-ChIP-Seq(GSE31477)/Homer	GGGGGGGG	1e-603	-1390	0	8860	34.86%	21984.5	19.11%
FRS9(ND)/col-FRS9-DAP-Seq(GSE60143)/Homer	RGAGAGAGAAAG	1e-591	-1363	0	4442	17.48%	7471.9	6.49%
FoxD3(forkhead)/ZebrafishEmbryo-Foxd3.biotin-ChIP-seq(GSE106676)/Homer	TGTTTAYTTAGC	1e-589	-1356	0	18809	74.01%	65281.7	56.74%
FOXA1(Forkhead)/MCF7-FOXA1-ChIP-Seq(GSE26831)/Homer	WAAGTAAACA	1e-525	-1209	0	20888	82.19%	77315.9	67.20%
IRF3(IRF)/BMDM-Irf3-ChIP-Seq(GSE67343)/Homer	AGTTTCAKTTTC	1e-480	-1106	0	8411	33.10%	22043.3	19.16%
Unknown6/Drosophila-Promoters/Homer	AATTTTAAAA	1e-479	-1104	0	18615	73.25%	66366.9	57.68%
SGR5(C2H2)/colamp-SGR5-DAP-Seq(GSE60143)/Homer	TTTGTCTTTTTT	1e-472	-1087	0	16632	65.45%	56914.4	49.47%
bZIP:IRF(bZIP,IRF)/Th17-BatF-ChIP-Seq(GSE39756)/Homer	NAGTTTCABTHTGACTNW	1e-468	-1079	0	11074	43.58%	32639.5	28.37%
Sox4(HMG)/proB-Sox4-ChIP-Seq(GSE50066)/Homer	YCTTTGTTCC	1e-454	-1046	0	15974	62.86%	54202.4	47.11%
FOXA1(Forkhead)/LNCAP-FOXA1-ChIP-Seq(GSE27824)/Homer	WAAGTAAACA	1e-444	-1023	0	22179	87.27%	86051.7	74.79%
HLH-1(bHLH)/cElegans-Embryo-HLH1-ChIP-Seq(modEncode)/Homer	RACAGCTGTTBH	1e-427	-984.3	0	13231	52.06%	42471.2	36.91%
RUNX-AML(Runt)/CD4+-PolII-ChIP-Seq(Barski_et_al.)/Homer	GCTGTGGTTW	1e-420	-967.9	0	12632	49.71%	40036.2	34.80%
Zfp281(Zf)/ES-Zfp281-ChIP-Seq(GSE81042)/Homer	CCCCTCCCCCAC	1e-414	-955.2	0	2549	10.03%	3618.3	3.14%
Bcl11a(Zf)/HSPC-BCL11A-ChIP-Seq(GSE104676)/Homer	TYTGACCASWRG	1e-411	-947	0	9763	38.42%	28379.9	24.67%
NF1-halfsite(CTF)/LNCaP-NF1-ChIP-Seq(Unpublished)/Homer	YTGCCAAG	1e-408	-939.7	0	17722	69.74%	63446.9	55.15%
MyoD(bHLH)/Myotube-MyoD-ChIP-Seq(GSE21614)/Homer	RRCAGCTGYTSY	1e-389	-896.7	0	6636	26.11%	16870.6	14.66%
ZNF416(Zf)/HEK293-ZNF416.GFP-ChIP-Seq(GSE58341)/Homer	WDNCTGGGCA	1e-386	-889.2	0	10666	41.97%	32484.5	28.23%
FOXM1(Forkhead)/MCF7-FOXM1-ChIP-Seq(GSE72977)/Homer	TRTTTACTTW	1e-365	-842.5	0	20468	80.54%	78217.8	67.98%
Sox21(HMG)/ESC-SOX21-ChIP-Seq(GSE110505)/Homer	BCCWTTGTBYKV	1e-350	-806.4	0	23105	90.92%	93294.8	81.09%
FoxL2(Forkhead)/Ovary-FoxL2-ChIP-Seq(GSE60858)/Homer	WWTRTAAACAVG	1e-350	-806.1	0	20725	81.55%	79920.7	69.46%
Tcf12(bHLH)/GM12878-Tcf12-ChIP-Seq(GSE32465)/Homer	VCAGCTGYTG	1e-343	-790.1	0	7592	29.87%	21147.4	18.38%
Ap4(bHLH)/AML-Tfap4-ChIP-Seq(GSE45738)/Homer	NAHCAGCTGD	1e-340	-784.6	0	11125	43.78%	35296.9	30.68%
ZFX(Zf)/mES-Zfx-ChIP-Seq(GSE11431)/Homer	AGGCCTRG	1e-335	-772.5	0	11283	44.40%	36069.1	31.35%
Ascl1(bHLH)/NeuralTubes-Ascl1-ChIP-Seq(GSE55840)/Homer	NNVVCAGCTGBN	1e-330	-760.8	0	12674	49.87%	42108.6	36.60%
MyoG(bHLH)/C2C12-MyoG-ChIP-Seq(GSE36024)/Homer	AACAGCTG	1e-328	-756.9	0	9619	37.85%	29361.7	25.52%
RUNX2(Runt)/PCa-RUNX2-ChIP-Seq(GSE33889)/Homer	NWAACCACADNN	1e-326	-751	0	14697	57.83%	51156.8	44.46%
Atoh1(bHLH)/Cerebellum-Atoh1-ChIP-Seq(GSE22111)/Homer	VNRVCAGCTGGY	1e-325	-749.3	0	11613	45.70%	37678.1	32.75%
BPC1(BBRBPC)/colamp-BPC1-DAP-Seq(GSE60143)/Homer	GARGAGAGAGAA	1e-318	-733.9	0	9501	37.39%	29088.5	25.28%
Atoh7(bHLH)/Retina-Atoh7-CutnRun(GSE156756)/Homer	KRRCAGCTGGTS	1e-315	-726.8	0	7734	30.43%	22181.9	19.28%
RUNX(Runt)/HPC7-Runx1-ChIP-Seq(GSE22178)/Homer	SAAACCACAG	1e-314	-724.7	0	13921	54.78%	47945.4	41.67%
NeuroD1(bHLH)/Islet-NeuroD1-ChIP-Seq(GSE30298)/Homer	GCCATCTGTT	1e-313	-721.1	0	9210	36.24%	28030.4	24.36%
Fox:Ebox(Forkhead,bHLH)/Panc1-Foxa2-ChIP-Seq(GSE47459)/Homer	NNNVCTGWGYAAACASN	1e-305	-702.5	0	17057	67.12%	62617.3	54.42%
Tbx20(T-box)/Heart-Tbx20-ChIP-Seq(GSE29636)/Homer	GGTGYTGACAGS	1e-299	-689	0	4682	18.42%	11291.9	9.81%
TF3A(C2H2)/col-TF3A-DAP-Seq(GSE60143)/Homer	NNDDGAGGAGGWNNN	1e-295	-679.4	0	13022	51.24%	44447.3	38.63%
At1g14580(C2H2)/colamp-At1g14580-DAP-Seq(GSE60143)/Homer	CASAAAAMGACAAAA	1e-293	-676	0	6586	25.92%	18224.7	15.84%
Bcl6(Zf)/Liver-Bcl6-ChIP-Seq(GSE31578)/Homer	NNNCTTTCCAGGAAA	1e-292	-674.7	0	15325	60.30%	54824.5	47.65%
