motif_id	motif_name	tf_class
MA0004.1	Arnt	PAS domain factors
MA0013.1	br	Other factors with up to three adjacent zinc fingers
MA0022.1	dl	
MA0023.1	dl	Rel homology domain (RHD)
MA0026.1	Eip74EF	Ets-related
MA0049.1	hb	Factors with multiple dispersed zinc fingers
MA0069.1	PAX6	Paired plus homeo domain
MA0071.1	RORA	Thyroid hormone receptor-related factors (NR1)
MA0074.1	RXRA::VDR	RXR-related receptors (NR2)
MA0101.1	REL	NF-kappaB-related factors
MA0107.1	RELA	NF-kappaB-related factors
MA0111.1	Spz1	bHLH-ZIP
MA0115.1	NR1H2::RXRA	Thyroid hormone receptor-related factors (NR1)
MA0116.1	Znf423	Factors with multiple dispersed zinc fingers
MA0119.1	NFIC::TLX1	Nuclear factor 1
MA0130.1	ZNF354C	More than 3 adjacent zinc fingers
MA0142.1	Pou5f1::Sox2	POU domain factors
MA0149.1	EWSR1-FLI1	Ets-related
MA0151.1	Arid3a	ARID-related
MA0155.1	INSM1	Factors with multiple dispersed zinc fingers
MA0159.1	RARA::RXRA	Thyroid hormone receptor-related factors (NR1)
MA0163.1	PLAG1	More than 3 adjacent zinc fingers
MA0165.1	Abd-B	HOX
MA0166.1	Antp	HOX
MA0167.1	Awh	HD-LIM
MA0168.1	B-H1	HOX
MA0169.1	B-H2	HOX
MA0170.1	C15	NK
MA0171.1	CG11085	NK
MA0172.1	CG11294	Paired-related HD factors
MA0173.1	CG11617	TALE-type HD
MA0174.1	Dbx	Homeo
MA0175.1	lms	NK
MA0176.1	CG15696	NK
MA0177.1	CG18599	NK
MA0178.1	CG32105	HD-LIM
MA0179.1	CG32532	Paired-related HD factors
MA0180.1	Vsx2	Paired-related HD factors
MA0181.1	Vsx1	Paired-related HD factors
MA0182.1	CG4328	HD-LIM
MA0183.1	HHEX	NK
MA0186.1	Dfd	HOX
MA0187.1	Dll	NK
MA0188.1	Dr	NK
MA0190.1	Gsc	Paired-related HD factors
MA0191.1	HGTX	NK
MA0192.1	Hmx	NK
MA0193.1	schlank	
MA0194.1	Lim1	HD-LIM
MA0196.1	NK7.1	NK
MA0198.1	OdsH	Paired-related HD factors
MA0199.1	Optix	HD-SINE
MA0201.1	Ptx1	Paired-related HD factors
MA0202.1	Rx	Paired-related HD factors
MA0203.1	Scr	HOX
MA0204.1	Six4	HD-SINE
MA0206.1	abd-A	HOX
MA0207.1	achi	TALE-type homeo domain factors
MA0208.1	al	Paired-related HD factors
MA0209.1	ap	HD-LIM
MA0210.1	ara	TALE-type homeo domain factors
MA0211.1	bap	NK
MA0212.1	bcd	Paired-related HD factors
MA0213.1	brk	
MA0214.1	bsh	NK
MA0215.1	btn	HOX
MA0217.1	caup	TALE-type homeo domain factors
MA0218.1	ct	HD-CUT
MA0219.1	ems	NK
MA0220.1	en	NK
MA0221.1	eve	HOX
MA0224.1	exex	HOX
MA0225.1	ftz	HOX
MA0226.1	hbn	Paired-related HD factors
MA0227.1	hth	TALE-type homeo domain factors
MA0228.1	ind	HOX
MA0229.1	inv	NK
MA0230.1	lab	HOX
MA0231.1	lbe	NK
MA0232.1	lbl	NK
MA0233.1	mirr	TALE-type HD
MA0234.1	oc	Paired-related HD factors
MA0235.1	onecut	HD-CUT
MA0236.1	otp	Paired-related HD factors
MA0238.1	pb	HOX
MA0240.1	repo	Paired-related HD factors
MA0241.1	ro	HOX
MA0242.1	Bgb::run	Runt-related factors
MA0244.1	slbo	CEBP-related
MA0245.1	slou	NK
MA0246.1	so	HD-SINE
MA0248.1	tup	HD-LIM
MA0250.1	unc-4	Paired-related HD factors
MA0251.1	unpg	HOX
MA0253.1	vnd	NK
MA0254.1	vvl	POU domain factors
MA0256.1	zen	HOX
MA0260.1	che-1	More than 3 adjacent zinc fingers
MA0261.1	lin-14	
MA0262.1	mab-3	DMRT factors
MA0263.1	ceh-10::ttx-3	Paired-related HD factors
MA0444.1	CG34031	NK
MA0445.1	D	SOX-related factors
MA0446.1	fkh	FOX
MA0447.1	gt	CEBP-related
MA0448.1	H2.0	NK
MA0449.1	h	Helix-Loop-Helix
MA0450.1	hkb	Three-zinc finger Kruppel-related
MA0454.1	odd	More than 3 adjacent zinc fingers
MA0456.1	opa	More than 3 adjacent zinc fingers
MA0459.1	tll	RXR-related receptors (NR2)
MA0460.1	ttk	Other factors with up to three adjacent zinc fingers
MA0145.2	Tfcp2l1	CP2-related factors
MA0468.1	DUX4	Paired-related HD factors
MA0515.1	Sox6	SOX-related factors
MA0258.2	ESR2	Steroid hormone receptors (NR3)
MA0216.2	cad	HOX
MA0533.1	su(Hw)	Factors with multiple dispersed zinc fingers
MA0534.1	EcR::usp	Thyroid hormone receptor-related factors (NR1)
MA0237.2	pan	High Mobility Group box (HMG)
MA0535.1	Mad	SMAD factors
MA0537.1	blmp-1	More than 3 adjacent zinc fingers
MA0542.1	elt-3	C4-GATA-related
MA0544.1	snpc-4	Myb/SANT domain factors
MA0546.1	pha-4	FOX
MA0595.1	SREBF1	bHLH-ZIP
MA0596.1	SREBF2	bHLH-ZIP
MA0599.1	KLF5	Three-zinc finger Kruppel-related
MA0604.1	Atf1	CREB-related factors
MA0608.1	Creb3l2	CREB-related factors
MA0613.1	FOXG1	FOX
MA0614.1	Foxj2	FOX
MA0636.1	BHLHE41	Hairy-related factors
MA0641.1	ELF4	Ets-related
MA0042.2	FOXI1	FOX
MA0033.2	FOXL1	FOX
MA0153.2	HNF1B	POU domain factors
MA0486.2	HSF1	HSF factors
MA0653.1	IRF9	Interferon-regulatory factors
MA0655.1	JDP2	Fos-related
MA0660.1	MEF2B	Regulators of differentiation
MA0663.1	MLX	bHLH-ZIP
MA0665.1	MSC	Tal-related
MA0667.1	MYF6	MyoD/ASC-related factors
MA0669.1	NEUROG2	Tal-related
MA0676.1	Nr2e1	RXR-related receptors (NR2)
MA0678.1	OLIG2	Tal-related
MA0068.2	PAX4	Paired plus homeo domain
MA0512.2	Rxra	RXR-related receptors (NR2)
MA0083.3	SRF	Responders to external signals (SRF/RLM1)
MA0009.2	TBXT	Brachyury-related factors
MA0689.1	TBX20	TBX1-related factors
MA0691.1	TFAP4	bHLH-ZIP
MA0696.1	ZIC1	More than 3 adjacent zinc fingers
MA0713.1	PHOX2A	Paired-related HD factors
MA0715.1	PROP1	Paired-related HD factors
MA0724.1	VENTX	NK
MA0728.1	Nr2F6	RXR-related receptors (NR2)
MA0729.1	RARA	Thyroid hormone receptor-related factors (NR1)
MA0730.1	RARA	Thyroid hormone receptor-related factors (NR1)
MA0731.1	BCL6B	More than 3 adjacent zinc fingers
MA0472.2	EGR2	Three-zinc finger Kruppel-related
MA0736.1	GLIS2	More than 3 adjacent zinc fingers
MA0737.1	GLIS3	More than 3 adjacent zinc fingers
MA0741.1	KLF16	Three-zinc finger Kruppel-related
MA0088.2	ZNF143	More than 3 adjacent zinc fingers
MA0758.1	E2F7	E2F
MA0770.1	HSF2	HSF factors
MA0771.1	HSF4	HSF factors
MA0773.1	MEF2D	Regulators of differentiation
MA0774.1	MEIS2	TALE-type homeo domain factors
MA0776.1	MYBL1	Myb/SANT domain factors
MA0777.1	MYBL2	Myb/SANT domain factors
MA0105.4	NFKB1	NF-kappaB-related factors
MA0780.1	PAX3	Paired plus homeo domain
MA0783.1	PKNOX2	TALE-type homeo domain factors
MA0787.1	POU3F2	POU domain factors
MA0788.1	POU3F3	POU domain factors
MA0789.1	POU3F4	POU domain factors
MA0792.1	POU5F1B	POU domain factors
MA0794.1	PROX1	HD-PROS factors
MA0795.1	SMAD3	SMAD factors
MA0796.1	TGIF1	TALE-type homeo domain factors
MA0797.1	TGIF2	TALE-type homeo domain factors
MA0511.2	RUNX2	Runt-related factors
MA0801.1	MGA	TBX6-related factors
MA0803.1	TBX15	TBX1-related factors
MA0805.1	TBX1	TBX1-related factors
MA0806.1	TBX4	TBX2-related factors
MA0807.1	TBX5	TBX2-related factors
MA0808.1	TEAD3	TEF-1-related factors
MA0813.1	TFAP2B	AP-2
MA0815.1	TFAP2C	AP-2
MA0816.1	Ascl2	MyoD/ASC-related factors
MA0822.1	HES7	Hairy-related factors
MA0823.1	HEY1	Hairy-related factors
MA0826.1	OLIG1	Tal-related
MA0827.1	OLIG3	Tal-related
MA0838.1	CEBPG	CEBP-related
MA0845.1	FOXB1	FOX
MA0032.2	FOXC1	FOX
MA0848.1	FOXO4	FOX
MA0849.1	FOXO6	FOX
MA0850.1	FOXP3	FOX
MA0855.1	RXRB	RXR-related receptors (NR2)
MA0856.1	RXRG	RXR-related receptors (NR2)
MA0857.1	Rarb	Thyroid hormone receptor-related factors (NR1)
MA0858.1	Rarb	Thyroid hormone receptor-related factors (NR1)
MA0860.1	Rarg	Thyroid hormone receptor-related factors (NR1)
MA0525.2	TP63	p53-related factors
MA0106.3	TP53	p53-related factors
MA0862.1	GMEB2	GMEB
MA0863.1	MTF1	More than 3 adjacent zinc fingers
MA0024.3	E2F1	E2F
MA0866.1	SOX21	SOX-related factors
MA0870.1	Sox1	SOX-related factors
MA0872.1	TFAP2A	AP-2
MA0916.1	Ets21C	Ets-related
MA0917.1	gcm2	GCM
MA0922.1	ces-2	CEBP-related
MA0924.1	pal-1	HOX
MA0926.1	unc-86	POU domain factors
MA0927.1	vab-7	HOX
MA1124.1	ZNF24	More than 3 adjacent zinc fingers
MA1155.1	ZSCAN4	More than 3 adjacent zinc fingers
MA1127.1	FOSB::JUN	Fos-related
MA1129.1	FOSL1::JUN	Fos-related
MA1136.1	FOSB::JUNB	Fos-related
MA1420.1	IRF5	Interferon-regulatory factors
MA1421.1	TCF7L1	TCF-7-related factors
MA1440.1	fkh-9	FOX
MA1442.1	mab-5	HOX
MA1445.1	ceh-28	NK
MA1448.1	fos-1	Fos-related
MA1451.1	nhr-6	NGFI-B-related receptors (NR4)
MA1468.1	ATOH7	Tal-related
MA1485.1	FERD3L	Tal-related
MA1489.1	FOXN3	FOX
MA1493.1	HES6	Hairy-related factors
MA1509.1	IRF6	Interferon-regulatory factors
MA1538.1	NR2F1	RXR-related receptors (NR2)
MA1539.1	NR2F6	RXR-related receptors (NR2)
MA1555.1	RXRB	RXR-related receptors (NR2)
MA1556.1	RXRG	RXR-related receptors (NR2)
MA1557.1	SMAD5	SMAD factors
MA1570.1	TFAP4	bHLH-ZIP
MA1571.1	TGIF2LX	TALE-type homeo domain factors
MA1572.1	TGIF2LY	TALE-type homeo domain factors
MA1580.1	ZBTB32	Other factors with up to three adjacent zinc fingers
MA1587.1	ZNF135	More than 3 adjacent zinc fingers
MA1588.1	ZNF136	More than 3 adjacent zinc fingers
MA1594.1	ZNF382	Factors with multiple dispersed zinc fingers
MA1596.1	ZNF460	More than 3 adjacent zinc fingers
MA1597.1	ZNF528	More than 3 adjacent zinc fingers
MA0158.2	HOXA5	HOX
MA0912.2	HOXD3	HOX
MA0623.2	NEUROG1	Tal-related
MA2093.1	HOXB1	HOX
MA2094.1	PAX8	Paired domain only
MA2095.1	Sox7	SOX-related factors
MA2096.1	ZNF524	More than 3 adjacent zinc fingers
MA1715.1	ZNF707	More than 3 adjacent zinc fingers
MA2097.1	ZNF75A	More than 3 adjacent zinc fingers
MA2098.1	ZNF766	More than 3 adjacent zinc fingers
MA2099.1	ZNF770	Factors with multiple dispersed zinc fingers
MA1718.1	ZNF8	Factors with multiple dispersed zinc fingers
MA2100.1	ZSCAN16	More than 3 adjacent zinc fingers
MA2101.1	ZNF677	More than 3 adjacent zinc fingers
MA1684.1	Foxn1	FOX
MA1700.1	Clamp	Factors with multiple dispersed zinc fingers
MA2102.1	ZBTB17	Factors with multiple dispersed zinc fingers
MA2107.1	cg	More than 3 adjacent zinc fingers
MA2108.1	sqz	More than 3 adjacent zinc fingers
MA1876.1	Gsx	HOX
MA1890.1	Klf15	Three-zinc finger Kruppel-related
MA1893.1	Klf6-7-like	Three-zinc finger Kruppel-related
MA2109.1	Arid3	ARID-related
MA2110.1	Cdx	HOX
MA2111.1	HNF4	RXR-related receptors (NR2)
MA2112.1	Meis	TALE-type homeo domain factors
MA2113.1	Pax2-5-8-a	Paired domain only
MA2114.1	Pax3-7-like	Paired plus homeo domain
MA2115.1	Pax6	Paired plus homeo domain
MA2116.1	Pou4	POU domain factors
MA1931.1	ELK1::HOXA1	Ets-related
MA1957.1	HOXB2::ELK1	HOX
MA1962.1	POU2F1::SOX2	POU domain factors
MA1972.1	ZFP14	Factors with multiple dispersed zinc fingers
MA1980.1	ZNF418	Factors with multiple dispersed zinc fingers
MA1985.1	ZNF669	More than 3 adjacent zinc fingers
MA2117.1	FOXP4	FOX
MA2118.1	FOXS1	FOX
MA2119.1	HOXA3	HOX
MA2120.1	ZNF184	More than 3 adjacent zinc fingers
MA2121.1	ZNF213	More than 3 adjacent zinc fingers
MA2122.1	Ebf4	EBF-related
MA2123.1	Hand1	Tal-related
MA2124.1	Hmga1	HMGA
MA2125.1	Zfp809	More than 3 adjacent zinc fingers
MA2126.1	Zfp961	More than 3 adjacent zinc fingers
MA0079.5	SP1	Three-zinc finger Kruppel-related
MA0509.3	RFX1	RFX-related factors
MA0516.3	SP2	Three-zinc finger Kruppel-related
MA0607.2	BHLHA15	Tal-related
MA0685.2	SP4	Three-zinc finger Kruppel-related
MA0740.2	KLF14	Three-zinc finger Kruppel-related
MA0742.2	KLF12	Three-zinc finger Kruppel-related
MA0798.3	RFX3	RFX-related factors
MA0818.2	BHLHE22	Tal-related
MA0821.2	HES5	Hairy-related factors
MA0831.3	TFE3	bHLH-ZIP
MA0878.3	CDX1	HOX
MA0884.2	DUXA	Paired-related HD factors
MA1511.2	KLF10	Three-zinc finger Kruppel-related
MA1532.2	NR1D2	Thyroid hormone receptor-related factors (NR1)
MA1547.2	PITX2	Paired-related HD factors
MA1563.2	SOX18	SOX-related factors
MA1573.2	Thap11	THAP-related factors
MA1601.2	ZNF75D	More than 3 adjacent zinc fingers
MA1633.2	BACH1	Jun-related
MA2127.1	atf-2	CEBP-related
MA2128.1	ceh-18	POU domain factors
MA2129.1	ceh-23	NK
MA2130.1	dmd-10	DMRT factors
MA2131.1	egl-38	Paired domain only
MA2132.1	egrh-1	Three-zinc finger Kruppel-related
MA2133.1	elt-7	C4-GATA-related
MA2134.1	end-3	C4-GATA-related
MA2135.1	jun-1	Jun-related
MA2136.1	klf-3	Three-zinc finger Kruppel-related
MA2137.1	klu-1	More than 3 adjacent zinc fingers
MA2138.1	klu-2	Three-zinc finger Kruppel-related
MA2139.1	let-381	FOX
MA2140.1	lin-31	FOX
MA2141.1	lin-48	More than 3 adjacent zinc fingers
MA2142.1	nhr-142	RXR-related receptors (NR2)
MA2143.1	nhr-25	FTZF1related(NR5A)
MA2144.1	nhr-5	RXR-related receptors (NR2)
MA2145.1	nhr-70	RXR-related receptors (NR2)
MA2146.1	nhr-86	Steroid hormone receptors (NR3)
MA2147.1	nsy-7	Paired-related HD factors
MA2148.1	odd-2	More than 3 adjacent zinc fingers
MA2149.1	odr-7	RXR-related receptors (NR2)
MA2150.1	pag-3	More than 3 adjacent zinc fingers
MA2151.1	pax-2	Paired domain only
MA2152.1	ref-1	Hairy-related factors
MA2153.1	sex-1	Thyroid hormone receptor-related factors (NR1)
MA2154.1	snai-1	More than 3 adjacent zinc fingers
MA2155.1	sptf-3	Three-zinc finger Kruppel-related
MA2156.1	xbp-1	XBP-1-related factors
MA2157.1	atfs-1	ATF-4-related
MA2158.1	ceh-14	HD-LIM
MA2159.1	ceh-36	Paired-related HD factors
MA2160.1	ceh-39	HD-CUT
MA2161.1	ceh-43	NK
MA2162.1	ceh-60	TALE-type homeo domain factors
MA2163.1	cnd-1	Tal-related
MA2164.1	egl-27	C4-GATA-related
MA2165.1	elt-1	C4-GATA-related
MA2166.1	ets-7	Ets-related
MA2167.1	fkh-3	FOX
MA2168.1	hif-1	PAS domain factors
MA2169.1	hsf-1	HSF factors
MA2170.1	lin-32	Tal-related
MA2171.1	lsl-1	More than 3 adjacent zinc fingers
MA2172.1	mdl-1	bHLH-ZIP
MA2173.1	mef-2	Regulators of differentiation
MA2174.1	mls-2	NK
MA2175.1	mxl-1	bHLH-ZIP
MA2176.1	mxl-3	bHLH-ZIP
MA2177.1	nfya-1	Heteromeric CCAAT-binding
MA2178.1	sta-1	STAT factors
MA2179.1	ceh-10	Paired-related HD factors
MA2180.1	F10B5.3	Three-zinc finger Kruppel-related
MA2181.1	lsy-2	More than 3 adjacent zinc fingers
MA2182.1	nfi-1	Nuclear factor 1
MA2183.1	nhr-33	RXR-related receptors (NR2)
MA2184.1	sox-3	SOX-related factors
MA2185.1	tbx-37	TBX6-related factors
MA2186.1	tbx-38	TBX6-related factors
MA2187.1	ztf-6	Factors with multiple dispersed zinc fingers
MA2188.1	acj6	POU domain factors
MA2189.1	Adf1	More than 3 adjacent zinc fingers
MA2190.1	Aef1	More than 3 adjacent zinc fingers
MA2191.1	amos	Tal-related
MA2192.1	Atf-2	Jun-related
MA2193.1	Atf3	Fos-related
MA2194.1	Atf6	Jun-related
MA2195.1	ato	Tal-related
MA2196.1	bigmax	bHLH-ZIP
MA2197.1	bin	FOX
MA2198.1	Blimp-1	More than 3 adjacent zinc fingers
MA2199.1	bowl	More than 3 adjacent zinc fingers
MA2200.1	bs	Responders to external signals (SRF/RLM1)
MA2201.1	Bteb2	Three-zinc finger Kruppel-related
MA2202.1	byn	Brachyury-related factors
MA2203.1	CG12605	More than 3 adjacent zinc fingers
MA2204.1	CG4360	More than 3 adjacent zinc fingers
MA2205.1	CG7928	More than 3 adjacent zinc fingers
MA2206.1	CHES-1-like	FOX
MA2207.1	ci	More than 3 adjacent zinc fingers
MA2208.1	crc	ATF-4-related factors
MA2209.1	CrebA	CREB-related factors
MA2210.1	CrebB	CREB-related factors
MA2211.1	croc	FOX
MA2212.1	dar1	Three-zinc finger Kruppel-related
MA2213.1	Dif	NF-kappaB-related factors
MA2214.1	dimm	Tal-related
MA2215.1	dm	bHLH-ZIP
MA2216.1	Doc2	TBX6-related factors
MA2217.1	dpn	Hairy-related factors
MA2218.1	dsf	RXR-related receptors (NR2)
MA2219.1	E(spl)m3-HLH	Hairy-related factors
MA2220.1	E(spl)mbeta-HLH	Hairy-related factors
MA2221.1	E(spl)mdelta-HLH	Hairy-related factors
MA2222.1	E(spl)mgamma-HLH	Hairy-related factors
MA2223.1	EcR	Thyroid hormone receptor-related factors (NR1)
MA2224.1	Eip75B	Thyroid hormone receptor-related factors (NR1)
MA2225.1	erm	More than 3 adjacent zinc fingers
MA2226.1	ERR	Steroid hormone receptors (NR3)
MA2227.1	esg	More than 3 adjacent zinc fingers
MA2228.1	Ets65A	Ets-related
MA2229.1	Ets96B	Ets-related
MA2230.1	Ets97D	Ets-related
MA2231.1	Ets98B	Ets-related
MA2232.1	fd59A	FOX
MA2233.1	Fer1	Tal-related
MA2234.1	Fer2	Tal-related
MA2235.1	FoxL1	FOX
MA2236.1	foxo	FOX
MA2237.1	FoxP	FOX
MA2238.1	GATAe	C4-GATA-related
MA2239.1	gsb	Paired plus homeo domain
MA2240.1	Hey	Hairy-related factors
MA2241.1	HLH4C	Tal-related
MA2242.1	Hnf4	RXR-related receptors (NR2)
MA2243.1	Hr38	NGFI-B-related receptors (NR4)
MA2244.1	Hr39	GCNF-related receptors (NR6)
MA2245.1	Hr78	RXR-related receptors (NR2)
MA2246.1	Jra	Jun-related
MA2247.1	Kah	More than 3 adjacent zinc fingers
MA2248.1	kay	Fos-related
MA2249.1	ken	Other factors with up to three adjacent zinc fingers
MA2250.1	klu	More than 3 adjacent zinc fingers
MA2251.1	knrl	Thyroid hormone receptor-related factors (NR1)
MA2252.1	lmd	More than 3 adjacent zinc fingers
MA2253.1	luna	Three-zinc finger Kruppel-related
MA2254.1	lz	Runt-related factors
MA2255.1	Max	bHLH-ZIP
MA2256.1	mid	TBX1-related factors
MA2257.1	Mitf	bHLH-ZIP
MA2258.1	Mnt	bHLH-ZIP
MA2259.1	org-1	TBX1-related factors
MA2260.1	pdm3	POU domain factors
MA2261.1	phol	More than 3 adjacent zinc fingers
MA2262.1	pnt	Ets-related
MA2263.1	Poxm	Paired domain only
MA2264.1	Rel	NF-kappaB-related factors
MA2265.1	retn	ARID-related
MA2266.1	Rfx	RFX-related factors
MA2267.1	rib	Other factors with up to three adjacent zinc fingers
MA2268.1	sage	TALE-type homeo domain factors
MA2269.1	sc	MyoD/ASC-related factors
MA2270.1	scrt	More than 3 adjacent zinc fingers
MA2271.1	sens	More than 3 adjacent zinc fingers
MA2272.1	slp2	FOX
MA2273.1	Sox102F	SOX-related factors
MA2274.1	Sox14	SOX-related factors
MA2275.1	Sox15	SOX-related factors
MA2276.1	Sox21a	SOX-related factors
MA2277.1	Sox21b	SOX-related factors
MA2278.1	SoxN	SOX-related factors
MA2279.1	Sp1	Three-zinc finger Kruppel-related
MA2280.1	Spps	Three-zinc finger Kruppel-related
MA2281.1	SREBP	bHLH-ZIP
MA2282.1	SREBP	bHLH-ZIP
MA2283.1	srp	C4-GATA-related
MA2284.1	ss	PAS domain factors
MA2285.1	sug	More than 3 adjacent zinc fingers
MA2286.1	svp	RXR-related receptors (NR2)
MA2287.1	TfAP-2	AP-2
MA2288.1	tj	Maf-related
MA2289.1	toy	Paired plus homeo domain
MA2290.1	Usf	bHLH-ZIP
MA2291.1	vri	CEBP-related
MA2292.1	wor	More than 3 adjacent zinc fingers
MA2293.1	Xbp1	XBP-1-related factors
MA2294.1	Xrp1	
MA2295.1	ac	MyoD/ASC-related factors
MA2296.1	aop	Ets-related
MA2297.1	BtbVII	More than 3 adjacent zinc fingers
MA2298.1	CG3065	Three-zinc finger Kruppel-related
MA2299.1	CG4854	More than 3 adjacent zinc fingers
MA2300.1	CG8319	More than 3 adjacent zinc fingers
MA2301.1	clk	PAS domain factors
MA2302.1	Crg-1	FOX
MA2303.1	crp	bHLH-ZIP
MA2304.1	cwo	Hairy-related factors
MA2305.1	cyc	PAS domain factors
MA2306.1	D1	HMGA
MA2307.1	D19B	More than 3 adjacent zinc fingers
MA2308.1	da	E2A
MA2309.1	ewg	Jun-related
MA2310.1	fru	Factors with multiple dispersed zinc fingers
MA2311.1	ftz-f1	FTZF1related(NR5A)
MA2312.1	grn	C4-GATA-related
MA2313.1	hng1	More than 3 adjacent zinc fingers
MA2314.1	hr3	Thyroid hormone receptor-related factors (NR1)
MA2315.1	insv	
MA2316.1	l(3)neo38	Three-zinc finger Kruppel-related
MA2317.1	nau	MyoD/ASC-related factors
MA2318.1	pita	More than 3 adjacent zinc fingers
MA2319.1	run	Runt-related factors
MA2320.1	Sox100B	SOX-related factors
MA2321.1	tx	Tal-related
MA2322.1	ZIPIC	More than 3 adjacent zinc fingers
MA2323.1	Pgr	Steroid hormone receptors (NR3)
MA2324.1	BCL11A	Factors with multiple dispersed zinc fingers
MA2325.1	EPAS1	PAS domain factors
MA2326.1	IKZF2	Factors with multiple dispersed zinc fingers
MA2327.1	PGR	Steroid hormone receptors (NR3)
MA2328.1	ZBED4	BED zinc finger factors
MA2329.1	ZBTB11	More than 3 adjacent zinc fingers
MA2330.1	ZBTB24	More than 3 adjacent zinc fingers
MA2331.1	ZNF157	More than 3 adjacent zinc fingers
MA2332.1	ZNF175	More than 3 adjacent zinc fingers
MA2333.1	ZNF35	More than 3 adjacent zinc fingers
MA2334.1	ZNF547	More than 3 adjacent zinc fingers
MA2335.1	ZNF558	More than 3 adjacent zinc fingers
MA2336.1	ZSCAN21	More than 3 adjacent zinc fingers
MA2337.1	Nr1h3	Thyroid hormone receptor-related factors (NR1)
MA2338.1	Ppara	Thyroid hormone receptor-related factors (NR1)
MA2339.1	Nanog	NK
MA2340.1	Zbtb2	Factors with multiple dispersed zinc fingers
MA2341.1	FEZF2	More than 3 adjacent zinc fingers
MA0529.3	BEAF-32	Zinc finger, BED-type
MA0010.2	br	Other factors with up to three adjacent zinc fingers
MA0011.2	br	Other factors with up to three adjacent zinc fingers
MA0012.2	br	Other factors with up to three adjacent zinc fingers
MA0443.2	btd	Other factors with up to three adjacent zinc fingers
MA0015.2	Cf2	Factors with multiple dispersed zinc fingers
MA0184.2	CG9876	Paired-related HD factors
MA0530.2	cnc::maf-S	Jun-related
MA0531.2	CTCF	More than 3 adjacent zinc fingers
MA0185.2	Deaf1	DEAF
MA1455.2	dmrt99B	DMRT factors
MA1456.2	Dref	BED zinc finger factors
MA1836.2	dsx	DMRT factors
MA0915.2	dve	HD-CUT
MA0189.2	E5	NK
MA1837.2	Elba1	
MA1838.2	Elba2	
MA0222.2	exd	TALE-type homeo domain factors
MA1839.2	GATAd	C4-GATA-related
MA1840.2	gcm	GCM
MA1457.2	grh	Grainyhead-related factors
MA1458.2	Hsf	HSF factors
MA1841.2	kn	EBF-related
MA0451.2	kni	Thyroid hormone receptor-related factors (NR1)
MA0452.3	Kr	More than 3 adjacent zinc fingers
MA0195.2	Lim3	HD-LIM
MA1459.2	M1BP	More than 3 adjacent zinc fingers
MA0197.3	nub	POU domain factors
MA0126.2	ovo	More than 3 adjacent zinc fingers
MA1702.2	Pdp1	CEBP-related
MA0457.2	PHDP	Paired-related HD factors
MA1460.2	pho	More than 3 adjacent zinc fingers
MA0536.2	pnr	C4-GATA-related
MA0200.2	Pph13	Paired-related HD factors
MA0239.2	prd	
MA0243.2	sd	TEF-1-related factors
MA0458.2	slp1	FOX
MA0086.3	sna	More than 3 adjacent zinc fingers
MA0532.2	Stat92E	STAT factors
MA1461.2	sv	Paired domain only
MA0247.3	tin	Homeo
MA0205.3	Trl	More than 3 adjacent zinc fingers
MA0249.3	twi	Tal-related
MA0094.3	Ubx	HOX
MA0016.2	usp	RXR-related receptors (NR2)
MA1462.2	vfl	More than 3 adjacent zinc fingers
MA0252.2	vis	TALE-type homeo domain factors
MA0255.2	z	
MA0257.2	zen2	HOX
MA1438.2	atf-7	Jun-related
MA1444.2	cebp-1	CEBP-related
MA0264.2	ceh-22	NK
MA1699.2	ceh-38	HD-CUT
MA0921.2	ceh-48	HD-CUT
MA0538.2	daf-12	C4-GATA-related
MA1446.2	daf-16	FOX
MA0919.2	dsc-1	Paired-related HD factors
MA0541.2	efl-1	E2F
MA1701.2	elt-2	C4-GATA-related
MA1439.2	elt-6	C4-GATA-related
MA0543.2	eor-1	More than 3 adjacent zinc fingers
MA0920.2	fkh-2	FOX
MA0545.2	hlh-1	MyoD/ASC-related factors
MA1449.2	hlh-30	bHLH-ZIP
MA0923.2	lim-4	HD-LIM
MA1441.2	lim-7	HD-LIM
MA1450.2	lin-54	
MA1703.2	pqm-1	Factors with multiple dispersed zinc fingers
MA0547.2	skn-1	Jun-related
MA0925.2	sma-4	SMAD factors
MA1443.2	unc-30	Paired-related HD factors
MA0918.2	unc-62	TALE-type homeo domain factors
MA0928.2	zfh-2	HD-ZF factors
MA1704.2	zip-8	Jun-related
MA1843.2	AP4	bHLH-ZIP
MA1844.2	Atbf	HOX
MA1845.2	Atoh7	Tal-related
MA1846.2	Brachyury	Brachyury-related factors
MA1847.2	Bsx	NK
MA1848.2	Cebpg	CEBP-related
MA1849.2	Creb1	CREB-related factors
MA1850.2	Dlx-b	NK
MA1851.2	Dlx-c	NK
MA1852.2	Emx	NK
MA1853.2	Erf-a	Ets-related
MA1854.2	Etv1/4/5	Ets-related
MA1855.2	Fli-Erg-a	Ets-related
MA1856.2	Fli-Erg-b	Ets-related
MA1857.2	Fli-Erg-c	Ets-related
MA1858.2	Fos-b	Fos-related
MA1859.2	FoxA-a	FOX
MA1860.2	FoxA-b	FOX
MA1861.2	FoxB	FOX
MA1862.2	FoxD-b	FOX
MA1863.2	FoxE	FOX
MA1864.2	FoxF	FOX
MA1865.2	FoxG	FOX
MA1866.2	FoxI-a	FOX
MA1867.2	FoxI-b	FOX
MA1868.2	FoxI-c	FOX
MA1869.2	FoxK	FOX
MA1870.2	FoxL2	FOX
MA1871.2	FoxM	FOX
MA1872.2	FoxO	FOX
MA1873.2	FoxQ	FOX
MA1874.2	GATA-a	C4-GATA-related
MA1875.2	GATA1/2/3	C4-GATA-related
MA1877.2	Hes-b	Hairy-related factors
MA1878.2	Hes-c	Hairy-related factors
MA1879.2	Hex	
MA1880.2	Hey	Hairy-related factors
MA1881.2	Hmbox1	POU domain factors
MA1882.2	Hnf1	POU domain factors
MA1883.2	Hox1	HOX
MA1884.2	Hox3	HOX
MA1885.2	Hox4	HOX
MA1886.2	Hox5	HOX
MA1887.2	Hsf1-2-4	HSF factors
MA1888.2	Irf-b	Interferon-regulatory factors
MA1889.2	Isx	Paired-related HD factors
MA1891.2	Klf3/8/12	Three-zinc finger Kruppel-related
MA1892.2	Klf5-like	Three-zinc finger Kruppel-related
MA1894.2	large-Maf	Maf-related
MA1895.2	Lhx3/4	HD-LIM
MA1896.2	Lmx-b	HD-LIM
MA0118.2	Macho-1	
MA1897.2	Max	bHLH-ZIP
MA1898.2	Meox	HOX
MA1899.2	Mitf	bHLH-ZIP
MA1900.2	Mnx	HOX
MA1901.2	Msx	NK
MA1902.2	NFkb	NF-kappaB-related factors
MA1903.2	Nk-1	NK
MA1904.2	Nk-3	NK
MA1905.2	Nkx3	NK
MA1906.2	Noto	NK
MA1907.2	Otp	Paired-related HD factors
MA1908.2	Otx	Paired-related HD factors
MA1909.2	Prop	Paired-related HD factors
MA1910.2	Rax	Paired-related HD factors
MA1911.2	Rel	NF-kappaB-related factors
MA1912.2	Six3/6	HD-SINE
MA1913.2	small-Maf	Maf-related
MA1914.2	Snail	More than 3 adjacent zinc fingers
MA1915.2	SoxB1	SOX-related factors
MA1916.2	SoxB2	SOX-related factors
MA1917.2	SoxC	SOX-related factors
MA1918.2	SoxF	SOX-related factors
MA1919.2	Tbox-a	TBX1-related factors
MA1920.2	Tbox-b	TBX1-related factors
MA1921.2	Tbx15/18/22	TBX1-related factors
MA1922.2	Tbx2/3	TBX2-related factors
MA1923.2	Tcf3-4-12	E2A
MA1924.2	Tlx	NK
MA1925.2	Uncx-b	Paired-related HD factors
MA1926.2	Usf	bHLH-ZIP
MA1927.2	YY1-2	More than 3 adjacent zinc fingers
MA0619.2	LIN54	tesmin/TSO1-family
MA0006.2	Ahr::Arnt	PAS domain factors
MA0854.2	Alx1	Paired-related HD factors
MA0634.2	ALX3	Paired-related HD factors
MA0853.2	Alx4	Paired-related HD factors
MA0690.3	TBX21	TBrain-related factors
MA0007.4	Ar	Steroid hormone receptors (NR3)
MA1463.2	ARGFX	Paired-related HD factors
MA0601.2	Arid3b	ARID-related
MA0602.2	Arid5a	ARID-related
MA0259.2	ARNT::HIF1A	PAS domain factors
MA1464.2	ARNT2	PAS domain factors
MA0603.2	Arntl	PAS domain factors
MA0874.2	Arx	Paired-related HD factors
MA1100.3	ASCL1	MyoD/ASC-related factors
MA1631.2	ASCL1	MyoD/ASC-related factors
MA1632.2	ATF2	Jun-related
MA1988.2	Atf3	Fos-related
MA0605.3	ATF3	Fos-related
MA0833.3	ATF4	ATF-4-related factors
MA1466.2	ATF6	Jun-related
MA0834.2	ATF7	Jun-related
MA0461.3	Atoh1	Tal-related
MA1467.3	Atoh1	Tal-related
MA0591.2	Bach1::Mafk	Jun-related
MA0496.4	MAFK	Maf-related
MA1101.3	BACH2	Jun-related
MA1470.2	BACH2	Jun-related
MA0877.4	BARHL1	NK
MA0635.2	BARHL2	NK
MA0875.2	BARX1	NK
MA1471.2	BARX2	NK
MA1634.2	BATF	B-ATF-related factors
MA0462.3	BATF::JUN	B-ATF-related factors
MA0489.3	Jun	Jun-related
MA0488.2	JUN	Jun-related
MA0835.3	BATF3	B-ATF-related factors
MA1989.2	Bcl11B	Factors with multiple dispersed zinc fingers
MA0463.3	BCL6	More than 3 adjacent zinc fingers
MA1472.3	Bhlha15	Tal-related
MA1635.2	BHLHE22	Tal-related
MA0817.2	BHLHE23	Tal-related
MA0464.3	BHLHE40	Hairy-related factors
MA1928.2	BNC2	Factors with multiple dispersed zinc fingers
MA0876.2	BSX	NK
MA0465.3	CDX2	HOX
MA1473.2	CDX4	HOX
MA0102.5	CEBPA	CEBP-related
MA0466.4	CEBPB	CEBP-related
MA0836.3	CEBPD	CEBP-related
MA0837.3	CEBPE	CEBP-related
MA1636.2	CEBPG	CEBP-related
MA0819.3	CLOCK	PAS domain factors
MA0018.5	CREB1	CREB-related factors
MA0638.2	CREB3	CREB-related factors
MA0839.2	CREB3L1	CREB-related factors
MA1474.2	CREB3L4	CREB-related factors
MA1475.2	CREB3L4	CREB-related factors
MA0840.2	Creb5	CREB-related factors
MA0609.3	CREM	CREB-related factors
MA0467.3	Crx	Paired-related HD factors
MA0139.2	CTCF	More than 3 adjacent zinc fingers
MA1929.2	CTCF	More than 3 adjacent zinc fingers
MA1930.2	CTCF	More than 3 adjacent zinc fingers
MA1102.3	CTCFL	More than 3 adjacent zinc fingers
MA0754.3	CUX1	HD-CUT
MA0650.4	Hoxa13	HOX
MA0901.3	HOXB13	HOX
MA0755.2	CUX2	HD-CUT
MA0639.2	DBP	CEBP-related
MA0019.2	Ddit3::Cebpa	CEBP-related
MA0879.3	DLX1	NK
MA0885.3	Dlx2	NK
MA0880.2	Dlx3	NK
MA0881.2	Dlx4	NK
MA1476.3	Dlx5	NK
MA0882.2	DLX6	NK
MA0883.2	Dmbx1	Paired-related HD factors
MA1603.2	Dmrt1	DMRT factors
MA0610.2	DMRT3	DMRT factors
MA1707.2	DMRTA1	DMRT factors
MA1478.2	DMRTA2	DMRT factors
MA1479.2	DMRTC2	DMRT factors
MA1480.2	DPRX	Paired-related HD factors
MA1481.2	DRGX	Paired-related HD factors
MA0611.3	Dux	Paired-related HD factors
MA0864.3	E2F2	E2F
MA0469.4	E2F3	E2F
MA0756.3	ONECUT2	HD-CUT
MA0470.3	E2F4	E2F
MA0471.3	E2F6	E2F
MA0865.3	E2F8	E2F
MA0154.5	EBF1	Early B-Cell Factor-related factors
MA1604.2	Ebf2	Early B-Cell Factor-related factors
MA1637.2	EBF3	Early B-Cell Factor-related factors
MA0162.5	EGR1	Three-zinc finger Kruppel-related
MA0732.2	EGR3	Three-zinc finger Kruppel-related
MA0733.2	EGR4	Three-zinc finger Kruppel-related
MA0598.4	EHF	Ets-related
MA0473.4	ELF1	Ets-related
MA1483.3	ELF2	Ets-related
MA0640.3	ELF3	Ets-related
MA0136.4	Elf5	Ets-related
MA0028.3	ELK1	Ets-related
MA0800.2	EOMES	TBrain-related factors
MA1708.2	ETV7	Ets-related
MA1495.2	HOXA1	HOX
MA1932.2	ELK1::HOXB13	Ets-related
MA0779.2	PAX1	Paired domain only
MA0014.4	PAX5	Paired domain only
MA0781.2	PAX9	Paired domain only
MA0686.2	SPDEF	Ets-related
MA1933.2	ELK1::SREBF2	Ets-related
MA0828.3	SREBF2	bHLH-ZIP
MA0843.2	TEF	CEBP-related
MA0759.3	ELK3	Ets-related
MA0076.3	ELK4	Ets-related
MA0612.3	EMX1	NK
MA0886.2	EMX2	NK
MA0027.3	EN1	NK
MA0642.3	EN2	NK
MA0760.2	ERF	Ets-related
MA1934.2	ERF::FIGLA	Ets-related
MA0820.2	FIGLA	Tal-related
MA1935.2	ERF::FOXI1	Ets-related
MA1936.2	ERF::FOXO1	Ets-related
MA0480.3	Foxo1	FOX
MA1937.2	ERF::HOXB13	Ets-related
MA0058.4	MAX	bHLH-ZIP
MA1938.2	ERF::NHLH1	Ets-related
MA0048.3	NHLH1	Tal-related
MA1939.2	ERF::SREBF2	Ets-related
MA0474.4	Erg	Ets-related
MA0112.4	ESR1	Steroid hormone receptors (NR3)
MA0592.4	ESRRA	Steroid hormone receptors (NR3)
MA0141.4	ESRRB	Steroid hormone receptors (NR3)
MA0643.2	Esrrg	Steroid hormone receptors (NR3)
MA0644.3	ESX1	Paired-related HD factors
MA0098.4	ETS1	Ets-related
MA1484.2	ETS2	Ets-related
MA0761.3	ETV1	Ets-related
MA0762.2	ETV2	Ets-related
MA1940.2	ETV2::DRGX	Ets-related
MA1941.2	ETV2::FIGLA	Ets-related
MA1942.2	ETV2::FOXI1	Ets-related
MA1943.2	ETV2::HOXB13	Ets-related
MA0763.2	ETV3	Ets-related
MA0764.4	ETV4	Ets-related
MA0765.4	ETV5	Ets-related
MA1944.2	ETV5::DRGX	Ets-related
MA1945.2	ETV5::FIGLA	Ets-related
MA1946.2	ETV5::FOXI1	Ets-related
MA1947.2	ETV5::FOXO1	Ets-related
MA1948.2	ETV5::HOXA2	Ets-related
MA0900.3	HOXA2	HOX
MA0645.2	ETV6	Ets-related
MA0887.2	EVX1	HOX
MA0888.2	EVX2	HOX
MA0156.4	FEV	Ets-related
MA0475.3	FLI1	Ets-related
MA1949.2	FLI1::DRGX	Paired-related HD factors
MA1950.2	FLI1::FOXI1	Ets-related
MA0476.2	FOS	Fos-related
MA1951.2	FOS	Fos-related
MA0099.4	FOS::JUN	Fos-related
MA1126.2	FOS::JUN	Fos-related
MA1134.2	FOS::JUNB	Fos-related
MA1140.3	JUNB	Jun-related
MA0490.3	JUNB	Jun-related
MA1141.2	FOS::JUND	Fos-related
MA0492.2	JUND	Jun-related
MA0491.3	JUND	Jun-related
MA1135.2	FOSB::JUNB	Fos-related
MA0477.3	FOSL1	Fos-related
MA1128.2	FOSL1::JUN	Fos-related
MA1137.2	FOSL1::JUNB	Fos-related
MA1142.2	FOSL1::JUND	Fos-related
MA1143.2	FOSL1::JUND	Fos-related
MA0478.2	FOSL2	Fos-related
MA1130.2	FOSL2::JUN	Fos-related
MA1131.2	FOSL2::JUN	Fos-related
MA1138.2	FOSL2::JUNB	Fos-related
MA1139.2	FOSL2::JUNB	Fos-related
MA1144.2	FOSL2::JUND	Fos-related
MA1145.2	FOSL2::JUND	Fos-related
MA0148.5	FOXA1	FOX
MA0047.4	FOXA2	FOX
MA1683.2	FOXA3	FOX
MA0846.2	FOXC2	FOX
MA0031.2	FOXD1	FOX
MA0847.4	FOXD2	FOX
MA0041.3	FOXD3	FOX
MA1487.3	FOXE1	FOX
MA1606.2	Foxf1	FOX
MA0030.2	FOXF2	FOX
MA0479.2	FOXH1	FOX
MA1952.2	FOXJ2::ELF1	FOX
MA0682.3	PITX1	Paired-related HD factors
MA0851.2	Foxj3	FOX
MA0852.3	FOXK1	FOX
MA1103.3	FOXK2	FOX
MA1607.2	Foxl2	FOX
MA1953.2	FOXO1::ELF1	FOX
MA1954.2	FOXO1::ELK1	FOX
MA1955.2	FOXO1::ELK3	FOX
MA1956.2	FOXO1::FLI1	FOX
MA0157.4	Foxo3	FOX
MA0481.4	FOXP1	FOX
MA0593.2	FOXP2	FOX
MA0040.2	Foxq1	FOX
MA0062.4	GABPA	Ets-related
MA0035.5	GATA1	C4-GATA-related
MA0140.3	GATA1::TAL1	C4-GATA-related
MA0036.4	GATA2	C4-GATA-related
MA0037.5	Gata3	C4-GATA-related
MA0482.3	GATA4	C4-GATA-related
MA0766.3	GATA5	C4-GATA-related
MA1104.3	GATA6	C4-GATA-related
MA0889.2	GBX1	HOX
MA0890.2	GBX2	HOX
MA0646.2	GCM1	GCM
MA0143.5	SOX2	SOX-related factors
MA0767.2	GCM2	GCM
MA0038.3	GFI1	More than 3 adjacent zinc fingers
MA0483.2	Gfi1B	More than 3 adjacent zinc fingers
MA1990.2	Gli1	More than 3 adjacent zinc fingers
MA0734.4	Gli2	More than 3 adjacent zinc fingers
MA1491.3	GLI3	More than 3 adjacent zinc fingers
MA0735.2	GLIS1	More than 3 adjacent zinc fingers
MA0615.2	Gmeb1	GMEB
MA0647.2	GRHL1	Grainyhead-related factors
MA1105.3	GRHL2	Grainyhead-related factors
MA0648.2	GSC	Paired-related HD factors
MA0891.2	GSC2	Paired-related HD factors
MA0892.2	GSX1	HOX
MA0893.3	GSX2	HOX
MA0092.2	Hand1::Tcf3	Tal-related
MA0522.4	TCF3	E2A
MA1638.2	HAND2	Tal-related
MA1099.3	HES1	Hairy-related factors
MA0616.3	HES2	Hairy-related factors
MA0894.2	HESX1	Paired-related HD factors
MA0649.2	HEY2	Hairy-related factors
MA0739.2	Hic1	Factors with multiple dispersed zinc fingers
MA0738.2	HIC2	Factors with multiple dispersed zinc fingers
MA1106.2	HIF1A	PAS domain factors
MA0131.3	HINFP	Factors with multiple dispersed zinc fingers
MA0043.4	HLF	CEBP-related
MA0895.2	HMBOX1	POU domain factors
MA0896.2	Hmx1	NK
MA0897.2	Hmx2	NK
MA0898.2	Hmx3	NK
MA1991.2	Hnf1A	POU domain factors
MA0046.3	HNF1A	POU domain factors
MA1494.2	HNF4A	RXR-related receptors (NR2)
MA0114.5	HNF4A	RXR-related receptors (NR2)
MA0484.3	HNF4G	RXR-related receptors (NR2)
MA0899.2	HOXA10	HOX
MA0911.2	Hoxa11	HOX
MA1496.2	HOXA4	HOX
MA1497.2	HOXA6	HOX
MA1498.3	HOXA7	HOX
MA0594.3	HOXA9	HOX
MA0902.3	HOXB2	HOX
MA1566.3	TBX3	TBX2-related factors
MA0903.2	HOXB3	HOX
MA1499.2	HOXB4	HOX
MA0904.3	HOXB5	HOX
MA1500.2	HOXB6	HOX
MA1501.2	HOXB7	HOX
MA1502.2	HOXB8	HOX
MA1503.2	HOXB9	HOX
MA0905.2	HOXC10	HOX
MA0651.3	HOXC11	HOX
MA0906.2	HOXC12	HOX
MA0907.2	HOXC13	HOX
MA1504.2	HOXC4	HOX
MA1505.2	HOXC8	HOX
MA0485.3	HOXC9	HOX
MA1506.2	HOXD10	HOX
MA0908.2	HOXD11	HOX
MA0873.2	HOXD12	HOX
MA1958.2	HOXD12::ELK1	HOX
MA0909.4	Hoxd13	HOX
MA1507.2	HOXD4	HOX
MA0910.3	HOXD8	HOX
MA0913.3	HOXD9	HOX
MA1508.2	IKZF1	Factors with multiple dispersed zinc fingers
MA1992.2	Ikzf3	Three-zinc finger Kruppel-related
MA0050.4	Irf1	Interferon-regulatory factors
MA0051.2	IRF2	Interferon-regulatory factors
MA1418.2	IRF3	Interferon-regulatory factors
MA1419.2	IRF4	Interferon-regulatory factors
MA0772.2	IRF7	Interferon-regulatory factors
MA0652.2	IRF8	Interferon-regulatory factors
MA1608.2	Isl1	HD-LIM
MA0914.2	ISL2	HD-LIM
MA0654.2	ISX	Paired-related HD factors
MA0656.2	JDP2	Fos-related
MA1132.2	JUN::JUNB	Jun-related
MA1133.2	JUN::JUNB	Jun-related
MA0493.3	KLF1	Three-zinc finger Kruppel-related
MA1512.2	KLF11	Three-zinc finger Kruppel-related
MA0657.2	KLF13	Three-zinc finger Kruppel-related
MA1513.2	KLF15	Three-zinc finger Kruppel-related
MA1514.2	KLF17	Three-zinc finger Kruppel-related
MA1515.2	KLF2	Three-zinc finger Kruppel-related
MA1516.2	KLF3	Three-zinc finger Kruppel-related
MA0039.5	KLF4	Three-zinc finger Kruppel-related
MA1517.2	KLF6	Three-zinc finger Kruppel-related
MA1959.2	KLF7	Three-zinc finger Kruppel-related
MA1107.3	KLF9	Three-zinc finger Kruppel-related
MA0618.2	LBX1	NK
MA0699.2	LBX2	NK
MA0768.3	Lef1	TCF-7-related factors
MA1518.3	Lhx1	HD-LIM
MA0700.3	LHX2	HD-LIM
MA0135.2	Lhx3	HD-LIM
MA0704.2	Lhx4	HD-LIM
MA1519.2	LHX5	HD-LIM
MA0658.2	LHX6	HD-LIM
MA0705.2	Lhx8	HD-LIM
MA0701.3	LHX9	HD-LIM
MA0702.3	LMX1A	HD-LIM
MA0703.3	LMX1B	HD-LIM
MA1520.2	MAF	Maf-related
MA0501.2	MAF::NFE2	Maf-related
MA0841.2	NFE2	Jun-related
MA1521.2	MAFA	Maf-related
MA0117.3	Mafb	Maf-related
MA0495.4	MAFF	Maf-related
MA0659.4	Mafg	Maf-related
MA0089.3	MAFG::NFE2L1	Maf-related
MA0059.2	MAX::MYC	bHLH-ZIP
MA0147.4	MYC	bHLH-ZIP
MA1522.2	MAZ	More than 3 adjacent zinc fingers
MA0029.2	Mecom	Factors with multiple dispersed zinc fingers
MA0052.5	MEF2A	Regulators of differentiation
MA0497.2	MEF2C	Regulators of differentiation
MA0498.3	MEIS1	TALE-type homeo domain factors
MA1639.2	MEIS1	TALE-type homeo domain factors
MA1640.2	MEIS2	TALE-type homeo domain factors
MA0775.2	MEIS3	TALE-type homeo domain factors
MA0661.2	MEOX1	HOX
MA0706.2	MEOX2	HOX
MA1960.2	MGA::EVX1	TBX6-related factors
MA0620.4	MITF	bHLH-ZIP
MA0621.2	mix-a	Paired-related HD factors
MA0662.2	MIXL1	Paired-related HD factors
MA0622.2	Mlxip	bHLH-ZIP
MA0664.2	MLXIPL	bHLH-ZIP
MA0825.2	MNT	bHLH-ZIP
MA0707.3	MNX1	HOX
MA1523.2	MSANTD3	Myb/SANT domain factors
MA1524.3	Msgn1	Tal-related
MA0666.3	MSX1	NK
MA0708.3	MSX2	NK
MA0709.2	Msx3	NK
MA1108.3	MXI1	bHLH-ZIP
MA0100.4	MYB	Myb/SANT domain factors
MA0104.5	MYCN	bHLH-ZIP
MA1641.2	MYF5	MyoD/ASC-related factors
MA0499.3	MYOD1	MyoD/ASC-related factors
MA0500.3	MYOG	MyoD/ASC-related factors
MA0056.3	MZF1	More than 3 adjacent zinc fingers
MA1109.2	NEUROD1	Tal-related
MA1993.2	Neurod2	Tal-related
MA0668.3	Neurod2	Tal-related
MA1642.2	NEUROG2	Tal-related
MA0606.3	Nfat5	NFAT-related factors
MA0624.3	Nfatc1	NFAT-related factors
MA0152.3	Nfatc2	NFAT-related factors
MA0625.3	NFATC3	NFAT-related factors
MA1525.3	NFATC4	NFAT-related factors
MA0150.3	Nfe2l2	Jun-related
MA0670.2	NFIA	Nuclear factor 1
MA1643.2	NFIB	Nuclear factor 1
MA0161.3	NFIC	Nuclear factor 1
MA1527.2	NFIC	Nuclear factor 1
MA0025.3	NFIL3	CEBP-related
MA0671.2	NFIX	Nuclear factor 1
MA1528.2	NFIX	Nuclear factor 1
MA0778.2	NFKB2	NF-kappaB-related factors
MA0060.4	NFYA	Heteromeric CCAAT-binding
MA0502.3	NFYB	Heteromeric CCAAT-binding
MA1644.2	NFYC	Heteromeric CCAAT-binding
MA1529.2	NHLH2	Tal-related
MA1994.2	Nkx2-1	NK
MA1645.2	NKX2-2	NK
MA0672.2	NKX2-3	NK
MA2003.2	NKX2-4	NK
MA0063.3	NKX2-5	NK
MA0673.2	NKX2-8	NK
MA0124.3	Nkx3-1	NK
MA0122.4	Nkx3-2	NK
MA0674.2	NKX6-1	NK
MA0675.2	NKX6-2	NK
MA1530.2	NKX6-3	NK
MA0125.2	Nobox	Paired-related HD factors
MA0710.2	NOTO	NK
MA0626.2	Npas2	PAS domain factors
MA1995.2	Npas4	PAS domain factors
MA1531.2	NR1D1	Thyroid hormone receptor-related factors (NR1)
MA1996.2	Nr1H2	Thyroid hormone receptor-related factors (NR1)
MA0494.2	Nr1h3::Rxra	Thyroid hormone receptor-related factors (NR1)
MA1110.3	Nr1H4	Thyroid hormone receptor-related factors (NR1)
MA1146.2	NR1H4::RXRA	Thyroid hormone receptor-related factors (NR1)
MA1533.2	NR1I2	Thyroid hormone receptor-related factors (NR1)
MA1534.2	NR1I3	Thyroid hormone receptor-related factors (NR1)
MA1535.2	NR2C1	RXR-related receptors (NR2)
MA0504.2	NR2C2	RXR-related receptors (NR2)
MA1536.2	NR2C2	RXR-related receptors (NR2)
MA0164.2	Nr2e3	RXR-related receptors (NR2)
MA0017.3	NR2F1	RXR-related receptors (NR2)
MA1537.2	NR2F1	RXR-related receptors (NR2)
MA1111.2	NR2F2	RXR-related receptors (NR2)
MA0677.2	Nr2f6	RXR-related receptors (NR2)
MA0113.4	NR3C1	Steroid hormone receptors (NR3)
MA0727.2	NR3C2	Steroid hormone receptors (NR3)
MA1112.3	NR4A1	NGFI-B-related receptors (NR4)
MA0160.3	NR4A2	NGFI-B-related receptors (NR4)
MA1147.2	NR4A2::RXRA	NGFI-B-related receptors (NR4)
MA1540.3	NR5A1	FTZF1related(NR5A)
MA0505.3	Nr5A2	FTZF1related(NR5A)
MA1541.2	NR6A1	GCNF-related receptors (NR6)
MA0506.3	Nrf1	
MA0842.3	NRL	Maf-related
MA1997.2	Olig2	Tal-related
MA0679.3	ONECUT1	HD-CUT
MA0757.2	ONECUT3	HD-CUT
MA1542.2	OSR1	Other factors with up to three adjacent zinc fingers
MA1646.2	OSR2	More than 3 adjacent zinc fingers
MA0711.2	OTX1	Paired-related HD factors
MA0712.3	OTX2	Paired-related HD factors
MA1544.2	OVOL1	More than 3 adjacent zinc fingers
MA1545.2	OVOL2	More than 3 adjacent zinc fingers
MA1961.2	PATZ1	Factors with multiple dispersed zinc fingers
MA0067.3	PAX2	Paired domain only
MA1546.2	PAX3	Paired plus homeo domain
MA0680.3	Pax7	Paired plus homeo domain
MA0070.2	PBX1	TALE-type homeo domain factors
MA1113.3	PBX2	TALE-type homeo domain factors
MA1114.2	PBX3	TALE-type homeo domain factors
MA0132.3	PDX1	HOX
MA0681.3	PHOX2B	Paired-related HD factors
MA0714.2	PITX3	Paired-related HD factors
MA0782.3	PKNOX1	TALE-type homeo domain factors
MA1615.2	Plagl1	More than 3 adjacent zinc fingers
MA1548.2	PLAGL2	More than 3 adjacent zinc fingers
MA0784.3	POU1F1	POU domain factors
MA0785.2	POU2F1	POU domain factors
MA0507.3	POU2F2	POU domain factors
MA0627.3	POU2F3	POU domain factors
MA0786.2	POU3F1	POU domain factors
MA0790.2	POU4F1	POU domain factors
MA0683.2	POU4F2	POU domain factors
MA0791.2	POU4F3	POU domain factors
MA1115.2	POU5F1	POU domain factors
MA0628.2	POU6F1	POU domain factors
MA1549.2	POU6F1	POU domain factors
MA0793.2	POU6F2	POU domain factors
MA1148.2	PPARA::RXRA	Thyroid hormone receptor-related factors (NR1)
MA1550.2	PPARD	Thyroid hormone receptor-related factors (NR1)
MA0066.2	PPARG	Thyroid hormone receptor-related factors (NR1)
MA0065.3	Pparg::Rxra	Thyroid hormone receptor-related factors (NR1)
MA0508.4	PRDM1	More than 3 adjacent zinc fingers
MA1998.2	Prdm14	More than 3 adjacent zinc fingers
MA1616.2	Prdm15	Factors with multiple dispersed zinc fingers
MA1647.3	Prdm4	Factors with multiple dispersed zinc fingers
MA1999.2	Prdm5	More than 3 adjacent zinc fingers
MA1723.2	PRDM9	Factors with multiple dispersed zinc fingers
MA0716.2	PRRX1	Paired-related HD factors
MA0075.4	PRRX2	Paired-related HD factors
MA1618.2	Ptf1A	
MA1619.2	Ptf1A	Tal-related
MA1620.2	Ptf1A	Tal-related
MA1149.2	RARA::RXRG	Thyroid hormone receptor-related factors (NR1)
MA1552.2	RARB	Thyroid hormone receptor-related factors (NR1)
MA0859.2	Rarg	Thyroid hormone receptor-related factors (NR1)
MA1553.2	RARG	Thyroid hormone receptor-related factors (NR1)
MA0718.2	RAX	Paired-related HD factors
MA0717.2	RAX2	Paired-related HD factors
MA1116.2	RBPJ	CSL-related factors
MA1117.2	RELB	NF-kappaB-related factors
MA0138.3	REST	Factors with multiple dispersed zinc fingers
MA0600.3	RFX2	RFX-related factors
MA0799.3	RFX4	RFX-related factors
MA0510.3	RFX5	RFX-related factors
MA1724.2	Rfx6	RFX-related factors
MA1554.2	RFX7	RFX-related factors
MA0629.2	Rhox11	Paired-related HD factors
MA0719.2	RHOXF1	Paired-related HD factors
MA0072.2	RORA	Thyroid hormone receptor-related factors (NR1)
MA1150.2	RORB	Thyroid hormone receptor-related factors (NR1)
MA1151.2	RORC	Thyroid hormone receptor-related factors (NR1)
MA0073.2	RREB1	Factors with multiple dispersed zinc fingers
MA0002.3	Runx1	Runt-related factors
MA0684.3	RUNX3	Runt-related factors
MA1963.2	SATB1	HD-CUT
MA0743.3	SCRT1	More than 3 adjacent zinc fingers
MA0744.3	SCRT2	More than 3 adjacent zinc fingers
MA0630.2	SHOX	Paired-related HD factors
MA0720.2	Shox2	Paired-related HD factors
MA1118.2	SIX1	HD-SINE
MA1119.2	SIX2	HD-SINE
MA0631.2	Six3	HD-SINE
MA2001.2	Six4	HD-SINE
MA1964.2	SMAD2	SMAD factors
MA1153.2	Smad4	SMAD factors
MA1558.2	SNAI1	More than 3 adjacent zinc fingers
MA0745.3	SNAI2	More than 3 adjacent zinc fingers
MA1559.2	SNAI3	More than 3 adjacent zinc fingers
MA1560.2	SOHLH2	PAS domain factors
MA0442.3	SOX10	SOX-related factors
MA0869.3	Sox11	SOX-related factors
MA1561.2	SOX12	SOX-related factors
MA1120.2	SOX13	SOX-related factors
MA1562.2	SOX14	SOX-related factors
MA1152.2	SOX15	SOX-related factors
MA0078.3	Sox17	SOX-related factors
MA0514.3	Sox3	SOX-related factors
MA0867.3	SOX4	SOX-related factors
MA0087.3	Sox5	SOX-related factors
MA0868.3	SOX8	SOX-related factors
MA0077.2	SOX9	SOX-related factors
MA0746.3	SP3	Three-zinc finger Kruppel-related
MA1965.2	SP5	Three-zinc finger Kruppel-related
MA0747.2	SP8	Three-zinc finger Kruppel-related
MA1564.2	SP9	Three-zinc finger Kruppel-related
MA0080.7	Spi1	Ets-related
MA0081.3	SPIB	Ets-related
MA0687.2	SPIC	Ets-related
MA0829.3	SREBF1	bHLH-ZIP
MA0084.2	SRY	SOX-related factors
MA0137.4	STAT1	STAT factors
MA0517.2	STAT1::STAT2	STAT factors
MA1623.2	Stat2	STAT factors
MA0144.3	STAT3	STAT factors
MA0518.2	Stat4	STAT factors
MA1624.2	Stat5a	STAT factors
MA0519.2	Stat5a::Stat5b	STAT factors
MA1625.2	Stat5b	STAT factors
MA0520.2	Stat6	STAT factors
MA0091.2	TAL1::TCF3	Tal-related
MA0108.3	TBP	TBP-related factors
MA0802.2	TBR1	TBrain-related factors
MA1565.2	TBX18	TBX1-related factors
MA0804.2	TBX19	Brachyury-related factors
MA0688.2	TBX2	TBX2-related factors
MA1567.3	Tbx6	TBX6-related factors
MA0521.3	Tcf12	E2A
MA1648.2	TCF12	E2A
MA0832.2	Tcf21	Tal-related
MA1568.2	TCF21	Tal-related
MA0830.3	TCF4	E2A
MA0769.3	TCF7	TCF-7-related factors
MA0523.2	TCF7L2	TCF-7-related factors
MA0632.3	TCFL5	PAS domain factors
MA0090.4	TEAD1	TEF-1-related factors
MA1121.2	TEAD2	TEF-1-related factors
MA0809.3	TEAD4	TEF-1-related factors
MA0810.2	TFAP2A	AP-2
MA0003.5	TFAP2A	AP-2
MA0811.2	TFAP2B	AP-2
MA0812.2	TFAP2B	AP-2
MA0524.3	TFAP2C	AP-2
MA0814.3	TFAP2C	AP-2
MA1569.2	TFAP2E	AP-2
MA1966.2	TFAP4::ETV1	bHLH-ZIP
MA1967.2	TFAP4::FLI1	bHLH-ZIP
MA1968.2	TFCP2	CP2-related factors
MA1122.2	TFDP1	E2F
MA0692.2	TFEB	bHLH-ZIP
MA0871.3	TFEC	bHLH-ZIP
MA0597.3	THAP1	THAP-related factors
MA1969.2	THRA	Thyroid hormone receptor-related factors (NR1)
MA1574.2	THRB	Thyroid hormone receptor-related factors (NR1)
MA1575.2	THRB	Thyroid hormone receptor-related factors (NR1)
MA1576.2	THRB	Thyroid hormone receptor-related factors (NR1)
MA1577.2	TLX2	NK
MA0861.2	TP73	p53-related factors
MA1970.2	TRPS1	C4-GATA-related
MA1123.3	TWIST1	Tal-related
MA0633.3	Twist2	Tal-related
MA0721.2	UNCX	Paired-related HD factors
MA0093.4	USF1	bHLH-ZIP
MA0526.5	USF2	bHLH-ZIP
MA0722.2	VAX1	NK
MA0723.3	VAX2	NK
MA0693.4	Vdr	Thyroid hormone receptor-related factors (NR1)
MA1578.2	VEZF1	More than 3 adjacent zinc fingers
MA0725.2	VSX1	Paired-related HD factors
MA0726.2	VSX2	Paired-related HD factors
MA1627.2	Wt1	More than 3 adjacent zinc fingers
MA0844.2	XBP1	XBP-1-related factors
MA0095.4	Yy1	More than 3 adjacent zinc fingers
MA0748.3	YY2	More than 3 adjacent zinc fingers
MA0749.2	ZBED1	BED zinc finger factors
MA1971.2	ZBED2	BED zinc finger factors
MA1649.2	ZBTB12	More than 3 adjacent zinc fingers
MA1650.2	ZBTB14	More than 3 adjacent zinc fingers
MA0698.2	ZBTB18	More than 3 adjacent zinc fingers
MA1579.2	ZBTB26	More than 3 adjacent zinc fingers
MA0527.2	ZBTB33	Other factors with up to three adjacent zinc fingers
MA1581.2	ZBTB6	More than 3 adjacent zinc fingers
MA0750.3	ZBTB7A	More than 3 adjacent zinc fingers
MA0694.2	ZBTB7B	More than 3 adjacent zinc fingers
MA0695.2	ZBTB7C	More than 3 adjacent zinc fingers
MA0103.4	ZEB1	HD-ZF factors
MA2002.2	Zfp335	Factors with multiple dispersed zinc fingers
MA1651.2	ZFP42	More than 3 adjacent zinc fingers
MA1583.2	ZFP57	Factors with multiple dispersed zinc fingers
MA0146.3	Zfx	More than 3 adjacent zinc fingers
MA1628.2	Zic1::Zic2	More than 3 adjacent zinc fingers
MA1629.2	Zic2	More than 3 adjacent zinc fingers
MA0697.3	Zic3	More than 3 adjacent zinc fingers
MA0751.2	ZIC4	More than 3 adjacent zinc fingers
MA1584.2	ZIC5	More than 3 adjacent zinc fingers
MA1709.2	ZIM3	More than 3 adjacent zinc fingers
MA1585.2	ZKSCAN1	More than 3 adjacent zinc fingers
MA1973.2	ZKSCAN3	More than 3 adjacent zinc fingers
MA1652.2	ZKSCAN5	Factors with multiple dispersed zinc fingers
MA1589.2	ZNF140	More than 3 adjacent zinc fingers
MA1653.2	ZNF148	More than 3 adjacent zinc fingers
MA1654.2	ZNF16	More than 3 adjacent zinc fingers
MA1725.2	ZNF189	More than 3 adjacent zinc fingers
MA1974.2	ZNF211	Factors with multiple dispersed zinc fingers
MA1975.2	ZNF214	More than 3 adjacent zinc fingers
MA1710.2	ZNF257	More than 3 adjacent zinc fingers
MA0528.3	ZNF263	More than 3 adjacent zinc fingers
MA1592.2	ZNF274	More than 3 adjacent zinc fingers
MA1630.3	ZNF281	More than 3 adjacent zinc fingers
MA1154.2	ZNF282	More than 3 adjacent zinc fingers
MA1593.2	ZNF317	More than 3 adjacent zinc fingers
MA1976.2	ZNF320	More than 3 adjacent zinc fingers
MA1977.2	ZNF324	More than 3 adjacent zinc fingers
MA1726.2	ZNF331	More than 3 adjacent zinc fingers
MA1655.2	ZNF341	Factors with multiple dispersed zinc fingers
MA1711.2	ZNF343	More than 3 adjacent zinc fingers
MA1978.2	ZNF354A	More than 3 adjacent zinc fingers
MA1125.2	ZNF384	More than 3 adjacent zinc fingers
MA0752.2	ZNF410	More than 3 adjacent zinc fingers
MA1979.2	ZNF416	More than 3 adjacent zinc fingers
MA1727.2	ZNF417	Factors with multiple dispersed zinc fingers
MA1656.2	ZNF449	More than 3 adjacent zinc fingers
MA1712.2	ZNF454	More than 3 adjacent zinc fingers
MA1981.2	ZNF530	More than 3 adjacent zinc fingers
MA1728.2	ZNF549	More than 3 adjacent zinc fingers
MA1982.2	ZNF574	Factors with multiple dispersed zinc fingers
MA1983.2	ZNF582	More than 3 adjacent zinc fingers
MA1713.2	ZNF610	More than 3 adjacent zinc fingers
MA1657.2	ZNF652	More than 3 adjacent zinc fingers
MA1984.2	ZNF667	More than 3 adjacent zinc fingers
MA1714.2	ZNF675	More than 3 adjacent zinc fingers
MA1729.2	ZNF680	More than 3 adjacent zinc fingers
MA1599.2	ZNF682	More than 3 adjacent zinc fingers
MA1600.2	ZNF684	More than 3 adjacent zinc fingers
MA1986.2	ZNF692	More than 3 adjacent zinc fingers
MA1987.2	ZNF701	More than 3 adjacent zinc fingers
MA1730.2	ZNF708	More than 3 adjacent zinc fingers
MA0753.3	ZNF740	Other factors with up to three adjacent zinc fingers
MA1716.2	ZNF76	More than 3 adjacent zinc fingers
MA1731.2	ZNF768	More than 3 adjacent zinc fingers
MA1717.2	ZNF784	Factors with multiple dispersed zinc fingers
MA1719.2	ZNF816	More than 3 adjacent zinc fingers
MA1720.2	ZNF85	More than 3 adjacent zinc fingers
MA1721.2	ZNF93	More than 3 adjacent zinc fingers
MA1602.2	ZSCAN29	More than 3 adjacent zinc fingers
MA1722.2	ZSCAN31	More than 3 adjacent zinc fingers
MA0085.2	Su(H)	
